Index,album,track_number,id,name,uri,acousticness,danceability,energy,instrumentalness,liveness,loudness,speechiness,tempo,valence,popularity
0,For All The Dogs,1,3eP13S8D5m2cweMEg3ZDed,Virginia Beach,spotify:track:3eP13S8D5m2cweMEg3ZDed,0.106,0.402,0.514,0,0.181,-7.322,0.0471,120.009,0.2,88
1,For All The Dogs,2,0Mrnt1YqVuW2bqmwu4VxDt,Amen (feat. Teezo Touchdown),spotify:track:0Mrnt1YqVuW2bqmwu4VxDt,0.0636,0.646,0.605,0,0.253,-7.59,0.188,90.156,0.309,83
2,For All The Dogs,3,2nibvvDdAQkVraYP00z2RS,Calling For You (feat. 21 Savage),spotify:track:2nibvvDdAQkVraYP00z2RS,0.0548,0.571,0.55,0,0.179,-6.567,0.106,120.947,0.104,85
3,For All The Dogs,4,53KaP77tkliz36LPxWGlWK,Fear Of Heights,spotify:track:53KaP77tkliz36LPxWGlWK,0.0128,0.581,0.325,0,0.16,-9.238,0.22,136.934,0.0666,84
4,For All The Dogs,5,4ZT0wGKwlJRjpMUuwZVy3p,Daylight,spotify:track:4ZT0wGKwlJRjpMUuwZVy3p,0.0149,0.566,0.564,0,0.104,-7.88,0.277,139.92,0.0667,85
5,For All The Dogs,6,7aqfrAY2p9BUSiupwk3svU,First Person Shooter (feat. J. Cole),spotify:track:7aqfrAY2p9BUSiupwk3svU,0.0277,0.47,0.64,0,0.382,-7.779,0.32,163.92,0.248,92
6,For All The Dogs,7,2YSzYUF3jWqb9YP9VXmpjE,IDGAF (feat. Yeat),spotify:track:2YSzYUF3jWqb9YP9VXmpjE,0.0464,0.663,0.67,8.92E-05,0.205,-8.399,0.271,136.952,0.138,93
7,For All The Dogs,8,1GpWY5RiInhezB8wGWs6oN,7969 Santa,spotify:track:1GpWY5RiInhezB8wGWs6oN,0.554,0.487,0.49,0,0.126,-9.373,0.0649,141.389,0.325,84
8,For All The Dogs,9,0AYt6NMyyLd0rLuvr0UkMH,Slime You Out (feat. SZA),spotify:track:0AYt6NMyyLd0rLuvr0UkMH,0.508,0.483,0.408,0,0.259,-9.243,0.0502,88.88,0.105,84
9,For All The Dogs,10,3JZjcKImHcmOI9ylL4zrSc,Bahamas Promises,spotify:track:3JZjcKImHcmOI9ylL4zrSc,0.85,0.626,0.309,1.31E-05,0.117,-10.397,0.0433,117.94,0.369,83
10,For All The Dogs,11,3IHt4j5uAEl7iBu8Utn985,Tried Our Best,spotify:track:3IHt4j5uAEl7iBu8Utn985,0.837,0.57,0.295,0,0.167,-13.693,0.0445,84.139,0.231,83
11,For All The Dogs,12,0ArVfVP8B5svkfj8clHNzB,Screw The World - Interlude,spotify:track:0ArVfVP8B5svkfj8clHNzB,0.0644,0.823,0.642,0.714,0.105,-5.922,0.258,146.781,0.629,78
12,For All The Dogs,13,03rwnftfgpYVO6QDWOZcG6,Drew A Picasso,spotify:track:03rwnftfgpYVO6QDWOZcG6,0.375,0.707,0.334,0,0.17,-12.792,0.244,127.944,0.143,82
13,For All The Dogs,14,24FUBxaAYSBlWsbSnEzDcn,Members Only (feat. PARTYNEXTDOOR),spotify:track:24FUBxaAYSBlWsbSnEzDcn,0.245,0.647,0.34,0,0.107,-8.795,0.0496,91.998,0.176,83
14,For All The Dogs,15,1DAibqbopEYULPEtE8WHTE,What Would Pluto Do,spotify:track:1DAibqbopEYULPEtE8WHTE,0.0506,0.832,0.555,0,0.213,-7.766,0.116,95.618,0.473,83
15,For All The Dogs,16,1PIgY9ybyFT9uWLM5POYGY,All The Parties (feat. Chief Keef),spotify:track:1PIgY9ybyFT9uWLM5POYGY,0.552,0.65,0.405,0,0.107,-10.156,0.199,124.747,0.195,82
16,For All The Dogs,17,0w3Mfe4PIVjuFjJbe3OlYv,8am in Charlotte,spotify:track:0w3Mfe4PIVjuFjJbe3OlYv,0.643,0.567,0.682,0,0.512,-6.423,0.274,79.043,0.668,84
17,For All The Dogs,18,1mjAD7IYvI5UGiB7WnppMf,BBL Love - Interlude,spotify:track:1mjAD7IYvI5UGiB7WnppMf,0.845,0.502,0.391,0,0.112,-9.013,0.0428,132.819,0.574,79
18,For All The Dogs,19,6ZprqcYFC6D9eIZaCoqrSn,Gently (feat. Bad Bunny),spotify:track:6ZprqcYFC6D9eIZaCoqrSn,0.0479,0.868,0.407,0.000111,0.139,-7.735,0.295,107.524,0.255,87
19,For All The Dogs,20,1yeB8MUNeLo9Ek1UEpsyz6,Rich Baby Daddy (feat. Sexyy Red & SZA),spotify:track:1yeB8MUNeLo9Ek1UEpsyz6,0.0377,0.645,0.729,0,0.384,-4.56,0.0528,146.01,0.142,87
20,For All The Dogs,21,17IBDpAl3J39swaoPlfGpp,Another Late Night (feat. Lil Yachty),spotify:track:17IBDpAl3J39swaoPlfGpp,0.0347,0.684,0.541,0,0.138,-8.04,0.0483,158.046,0.214,83
21,For All The Dogs,22,4IcbUXrAzBtn6iUO1LP471,Away From Home,spotify:track:4IcbUXrAzBtn6iUO1LP471,0.0195,0.848,0.625,0,0.109,-7.64,0.0587,93.019,0.226,81
22,For All The Dogs,23,3oZZfVvLJuDYc4Vn3A63Fw,Polar Opposites,spotify:track:3oZZfVvLJuDYc4Vn3A63Fw,0.0924,0.44,0.274,3.37E-06,0.128,-14.464,0.0809,76.513,0.343,80
23,Her Loss,1,1bDbXMyjaUIooNwFE9wn0N,Rich Flex,spotify:track:1bDbXMyjaUIooNwFE9wn0N,0.0503,0.561,0.52,1.86E-06,0.355,-9.342,0.244,153.15,0.424,88
24,Her Loss,2,46s57QULU02Voy0Kup6UEb,Major Distribution,spotify:track:46s57QULU02Voy0Kup6UEb,0.0127,0.908,0.546,0,0.0707,-10.491,0.323,131.016,0.225,76
25,Her Loss,3,34tz0eDhGuFErIuW3q4mPX,On BS,spotify:track:34tz0eDhGuFErIuW3q4mPX,0.0201,0.841,0.358,0,0.39,-8.368,0.591,158.014,0.329,80
26,Her Loss,4,0wshkEEcJUQU33RSRBb5dv,BackOutsideBoyz,spotify:track:0wshkEEcJUQU33RSRBb5dv,0.0407,0.849,0.433,0,0.388,-8.434,0.316,142.11,0.395,73
27,Her Loss,5,7l2nxyx7IkBX5orhkALg0V,Privileged Rappers,spotify:track:7l2nxyx7IkBX5orhkALg0V,0.00274,0.934,0.614,0,0.123,-7.384,0.198,144.045,0.616,77
28,Her Loss,6,2ZL7WZcjuYKi1KUDtp4kCC,Spin Bout U,spotify:track:2ZL7WZcjuYKi1KUDtp4kCC,0.01,0.773,0.701,0,0.163,-6.386,0.0512,129.963,0.203,84
29,Her Loss,7,0sSRLXxknVTQDStgU1NqpY,Hours In Silence,spotify:track:0sSRLXxknVTQDStgU1NqpY,0.234,0.501,0.403,0,0.267,-11.106,0.119,118.352,0.111,78
30,Her Loss,8,4Flfb4fGscN9kXPOduQLrv,Treacherous Twins,spotify:track:4Flfb4fGscN9kXPOduQLrv,0.0782,0.746,0.517,0,0.137,-7.582,0.327,88.987,0.609,71
31,Her Loss,9,7GeTsDIc5ykNB6lORO6Cee,Circo Loco,spotify:track:7GeTsDIc5ykNB6lORO6Cee,0.0102,0.734,0.605,0,0.317,-8.476,0.0699,103.976,0.252,78
32,Her Loss,10,2KLwPaRDOB87XOYAT2fgxh,Pussy & Millions (feat. Travis Scott),spotify:track:2KLwPaRDOB87XOYAT2fgxh,0.0623,0.749,0.63,0,0.353,-6.652,0.116,122.03,0.445,80
33,Her Loss,11,45pUWUeEWGoSdH6UF162G8,Broke Boys,spotify:track:45pUWUeEWGoSdH6UF162G8,0.0104,0.642,0.533,0.000108,0.251,-7.45,0.266,120.041,0.112,75
34,Her Loss,12,410TZrK18uRjtsTunG14cl,Middle of the Ocean,spotify:track:410TZrK18uRjtsTunG14cl,0.18,0.466,0.703,0,0.422,-5.774,0.393,76.815,0.25,70
35,Her Loss,13,2ZlABhxMMa43COmZ97kKsJ,Jumbotron Shit Poppin,spotify:track:2ZlABhxMMa43COmZ97kKsJ,0.221,0.799,0.575,0,0.196,-6.257,0.282,99.026,0.319,76
36,Her Loss,14,29YW2xXlo6Pc6M0SBTCXYN,More M’s,spotify:track:29YW2xXlo6Pc6M0SBTCXYN,0.0405,0.704,0.504,0.000422,0.139,-6.749,0.223,82.537,0.0713,73
37,Her Loss,15,1MTXYvJ9TSqg9x6WPCDx2n,3AM on Glenwood,spotify:track:1MTXYvJ9TSqg9x6WPCDx2n,0.0533,0.475,0.692,6.49E-06,0.18,-8.327,0.398,181.167,0.241,65
38,Her Loss,16,31bsuKDOzFGzBAoXxtnAJm,I Guess It’s Fuck Me,spotify:track:31bsuKDOzFGzBAoXxtnAJm,0.499,0.385,0.34,1.20E-05,0.196,-11.754,0.051,83.947,0.0398,69
39,"Honestly, Nevermind",1,1kNdtonJXHorsVpWerK8C2,Intro,spotify:track:1kNdtonJXHorsVpWerK8C2,0.955,0.193,0.0218,0.88,0.117,-31.16,0.0389,125.501,0.213,58
40,"Honestly, Nevermind",2,1vbn9fEyw1IYhqgZJdu9ZB,Falling Back,spotify:track:1vbn9fEyw1IYhqgZJdu9ZB,0.238,0.718,0.758,0.00653,0.11,-8.29,0.0703,118.989,0.349,64
41,"Honestly, Nevermind",3,4FIgHqXd4KkOwxrGeLDYM2,Texts Go Green,spotify:track:4FIgHqXd4KkOwxrGeLDYM2,0.000916,0.765,0.627,0.195,0.0847,-4.607,0.0622,118.997,0.536,65
42,"Honestly, Nevermind",4,1eCFz60zd7mAXgWLapPd9B,Currents,spotify:track:1eCFz60zd7mAXgWLapPd9B,0.104,0.883,0.283,0.00167,0.0935,-12.653,0.113,122.013,0.416,65
43,"Honestly, Nevermind",5,0nAZGkBGKQCXyaoSJfRhC1,A Keeper,spotify:track:0nAZGkBGKQCXyaoSJfRhC1,0.512,0.6,0.482,0.000104,0.115,-11.596,0.0701,121.909,0.323,69
44,"Honestly, Nevermind",6,7sT7kZEYd1MrmzLLIRVZas,Calling My Name,spotify:track:7sT7kZEYd1MrmzLLIRVZas,0.62,0.826,0.276,8.53E-05,0.118,-11.227,0.266,123.985,0.484,65
45,"Honestly, Nevermind",7,4rmVZajAF7PkrCagGPHbqa,Sticky,spotify:track:4rmVZajAF7PkrCagGPHbqa,0.0917,0.853,0.495,0.000217,0.0844,-14.63,0.14,137.027,0.0774,78
46,"Honestly, Nevermind",8,28JBD8p18xNuOfyV7Cotdn,Massive,spotify:track:28JBD8p18xNuOfyV7Cotdn,0.114,0.499,0.671,0.0169,0.148,-6.774,0.0561,124.994,0.0557,74
47,"Honestly, Nevermind",9,6Yj7Zhxt73uvwFFvzQXdxO,Flight's Booked,spotify:track:6Yj7Zhxt73uvwFFvzQXdxO,0.886,0.593,0.41,0.0993,0.115,-13.097,0.0531,122.584,0.201,68
48,"Honestly, Nevermind",10,7hRlTK3mgFTBEjX7DjqBsI,Overdrive,spotify:track:7hRlTK3mgFTBEjX7DjqBsI,0.444,0.502,0.645,0.00964,0.107,-10.611,0.122,109.739,0.518,61
49,"Honestly, Nevermind",11,3N3d4OWbPVxTQVBFqNyykk,Down Hill,spotify:track:3N3d4OWbPVxTQVBFqNyykk,0.965,0.718,0.319,0.00036,0.0895,-11.261,0.0435,109.994,0.639,58
50,"Honestly, Nevermind",12,1XsRwo2it6QHdV2OiT6IzF,Tie That Binds,spotify:track:1XsRwo2it6QHdV2OiT6IzF,0.0176,0.775,0.688,0.0917,0.108,-10.912,0.0593,120.017,0.284,61
51,"Honestly, Nevermind",13,2vy9Ry1TNjCD85TiCbTz0r,Liability,spotify:track:2vy9Ry1TNjCD85TiCbTz0r,0.268,0.557,0.706,0,0.132,-6.592,0.0649,105.013,0.582,62
52,"Honestly, Nevermind",14,3F5CgOj3wFlRv51JsHbxhe,Jimmy Cooks (feat. 21 Savage),spotify:track:3F5CgOj3wFlRv51JsHbxhe,0.000307,0.529,0.673,2.41E-06,0.093,-4.711,0.175,165.921,0.366,90
53,Certified Lover Boy,1,2HSmyk2qMN8WQjuGhaQgCk,Champagne Poetry,spotify:track:2HSmyk2qMN8WQjuGhaQgCk,0.758,0.423,0.667,0,0.246,-7.012,0.326,86.743,0.496,79
54,Certified Lover Boy,2,6jy9yJfgCsMHdu2Oz4BGKX,Papi’s Home,spotify:track:6jy9yJfgCsMHdu2Oz4BGKX,0.112,0.701,0.741,0,0.699,-6.157,0.313,140.177,0.588,71
55,Certified Lover Boy,3,37Nqx7iavZpotJSDXZWbJ3,Girls Want Girls (with Lil Baby),spotify:track:37Nqx7iavZpotJSDXZWbJ3,0.181,0.767,0.438,0,0.142,-8.726,0.29,86.975,0.381,79
56,Certified Lover Boy,4,61S79KIVA4I9FXbnsylEHT,In The Bible (with Lil Durk & Giveon),spotify:track:61S79KIVA4I9FXbnsylEHT,0.614,0.686,0.385,0,0.131,-8.35,0.297,143.07,0.147,70
57,Certified Lover Boy,5,4VCbgIdr8ptegWeJpqLVHH,Love All (with JAY-Z),spotify:track:4VCbgIdr8ptegWeJpqLVHH,0.354,0.73,0.576,3.59E-05,0.15,-5.442,0.287,92.131,0.155,73
58,Certified Lover Boy,6,40iJIUlhi6renaREYGeIDS,Fair Trade (with Travis Scott),spotify:track:40iJIUlhi6renaREYGeIDS,0.0503,0.666,0.465,0,0.215,-8.545,0.26,167.937,0.292,87
59,Certified Lover Boy,7,0k1WUmIRnG3xU6fvvDVfRG,Way 2 Sexy (with Future & Young Thug),spotify:track:0k1WUmIRnG3xU6fvvDVfRG,0.000619,0.803,0.597,4.50E-06,0.323,-6.035,0.141,136.008,0.331,78
60,Certified Lover Boy,8,4s7QLoImIwmPi9L6dq1nVW,TSU,spotify:track:4s7QLoImIwmPi9L6dq1nVW,0.228,0.568,0.56,3.05E-06,0.39,-9.059,0.42,130.019,0.246,76
61,Certified Lover Boy,9,34D6FJysnQioVingDKufuf,N 2 Deep,spotify:track:34D6FJysnQioVingDKufuf,0.0518,0.507,0.429,0,0.109,-7.726,0.326,91,0.0744,71
62,Certified Lover Boy,10,11pEKMLmavDu8fxOB5QjbQ,Pipe Down,spotify:track:11pEKMLmavDu8fxOB5QjbQ,0.128,0.518,0.69,0,0.176,-6.15,0.107,77.837,0.59,76
63,Certified Lover Boy,11,1PDP7mLiAMwhfmgIwzhOm2,Yebba’s Heartbreak,spotify:track:1PDP7mLiAMwhfmgIwzhOm2,0.967,0.476,0.161,0.0381,0.109,-11.665,0.0407,119.614,0.0908,82
64,Certified Lover Boy,12,2tUL6dZf1mywCj5WvCPZw6,No Friends In The Industry,spotify:track:2tUL6dZf1mywCj5WvCPZw6,0.0181,0.84,0.744,0,0.629,-4.751,0.113,83.737,0.171,74
65,Certified Lover Boy,13,2BcMwX1MPV6ZHP4tUT9uq6,Knife Talk (with 21 Savage ft. Project Pat),spotify:track:2BcMwX1MPV6ZHP4tUT9uq6,0.0635,0.849,0.424,0,0.0834,-9.579,0.324,145.887,0.153,84
66,Certified Lover Boy,14,42m3eP1JJhtzffal9B136J,7am On Bridle Path,spotify:track:42m3eP1JJhtzffal9B136J,0.225,0.724,0.531,0,0.11,-4.108,0.298,89.901,0.141,66
67,Certified Lover Boy,15,2Q3jFbyE61mCjS3SkW4toJ,Race My Mind,spotify:track:2Q3jFbyE61mCjS3SkW4toJ,0.179,0.488,0.635,8.16E-06,0.156,-7.19,0.26,174.072,0.783,70
68,Certified Lover Boy,16,08XWh5c0BMyD1nKVxxl91z,Fountains (with Tems),spotify:track:08XWh5c0BMyD1nKVxxl91z,0.181,0.843,0.485,0.0675,0.107,-8.735,0.195,100.053,0.689,74
69,Certified Lover Boy,17,5ScbulRnixQ2XAdvrPMFjz,Get Along Better,spotify:track:5ScbulRnixQ2XAdvrPMFjz,0.00645,0.32,0.466,0,0.133,-6.77,0.0374,177.693,0.338,73
70,Certified Lover Boy,18,50ceCGZ3oD3U5caQV5bP6f,You Only Live Twice (with Lil Wayne & Rick Ross),spotify:track:50ceCGZ3oD3U5caQV5bP6f,0.118,0.519,0.851,0,0.178,-6.001,0.29,123.823,0.711,67
71,Certified Lover Boy,19,7F9cT6hIRhnFCYP6GKS0tf,IMY2 (with Kid Cudi),spotify:track:7F9cT6hIRhnFCYP6GKS0tf,0.402,0.59,0.493,0.00504,0.129,-8.704,0.0367,150.026,0.0498,69
72,Certified Lover Boy,20,3RkNXZvOSMMElmmXztDc94,F*****g Fans,spotify:track:3RkNXZvOSMMElmmXztDc94,0.213,0.783,0.416,0,0.103,-9.84,0.135,87.073,0.165,68
73,Certified Lover Boy,21,1cCXT1cErAY6tmIqHbodrt,The Remorse,spotify:track:1cCXT1cErAY6tmIqHbodrt,0.812,0.473,0.53,6.92E-06,0.227,-8.506,0.249,74.732,0.637,62
74,Dark Lane Demo Tapes,1,3IvMYBE7A3c7to1aEcfFJk,Deep Pockets,spotify:track:3IvMYBE7A3c7to1aEcfFJk,0.482,0.473,0.824,0,0.605,-3.68,0.163,77.888,0.374,59
75,Dark Lane Demo Tapes,2,5TCBWmEBrin7etRa4Lswr1,When To Say When,spotify:track:5TCBWmEBrin7etRa4Lswr1,0.252,0.41,0.82,0,0.538,-6.808,0.533,170.718,0.526,61
76,Dark Lane Demo Tapes,3,4wVOKKEHUJxHCFFNUWDn0B,Chicago Freestyle (feat. Giveon),spotify:track:4wVOKKEHUJxHCFFNUWDn0B,0.629,0.735,0.449,0,0.113,-7.507,0.347,122.947,0.0397,83
77,Dark Lane Demo Tapes,4,3Q4gttWQ6hxqWOa3tHoTNi,Not You Too (feat. Chris Brown),spotify:track:3Q4gttWQ6hxqWOa3tHoTNi,0.342,0.458,0.452,1.94E-05,0.0703,-9.299,0.047,86.318,0.316,80
78,Dark Lane Demo Tapes,5,466cKvZn1j45IpxDdYZqdA,Toosie Slide,spotify:track:466cKvZn1j45IpxDdYZqdA,0.289,0.83,0.49,3.04E-06,0.113,-8.82,0.209,81.604,0.845,71
79,Dark Lane Demo Tapes,6,7eYAHC0RbBF9eaqWzT34Aq,Desires (with Future),spotify:track:7eYAHC0RbBF9eaqWzT34Aq,0.281,0.812,0.506,0,0.325,-7.706,0.116,145.074,0.554,68
80,Dark Lane Demo Tapes,7,5H4mXWKcicuLKDn4Jy0sK7,Time Flies,spotify:track:5H4mXWKcicuLKDn4Jy0sK7,0.201,0.864,0.477,0,0.182,-5.786,0.224,86.46,0.5,80
81,Dark Lane Demo Tapes,8,3KixNgUEaDtrKJVzdqjU5q,Landed,spotify:track:3KixNgUEaDtrKJVzdqjU5q,0.00606,0.881,0.636,0,0.111,-4.629,0.287,163.949,0.715,62
82,Dark Lane Demo Tapes,9,5fHrHoJKfCgBd35zwIBmUK,D4L,spotify:track:5fHrHoJKfCgBd35zwIBmUK,0.0128,0.718,0.706,0,0.352,-5.709,0.06,170.004,0.815,62
83,Dark Lane Demo Tapes,10,6Kj17Afjo1OKJYpf5VzCeo,Pain 1993 (with Playboi Carti),spotify:track:6Kj17Afjo1OKJYpf5VzCeo,0.163,0.825,0.373,0,0.368,-5.532,0.108,77.271,0.12,81
84,Dark Lane Demo Tapes,11,6fLVTVaHWaEfVKfEgbkf4D,Losses,spotify:track:6fLVTVaHWaEfVKfEgbkf4D,0.28,0.551,0.57,0,0.424,-7.385,0.351,85.687,0.505,60
85,Dark Lane Demo Tapes,12,0YkUwXxnTkeJBvt5upeEtP,From Florida With Love,spotify:track:0YkUwXxnTkeJBvt5upeEtP,0.768,0.787,0.477,0,0.104,-7.837,0.199,80.506,0.476,64
86,Dark Lane Demo Tapes,13,05aZ9sAU1YXndHv0FMi9iW,Demons (feat. Fivio Foreign & Sosa Geek),spotify:track:05aZ9sAU1YXndHv0FMi9iW,0.423,0.543,0.766,0,0.155,-3.387,0.343,106.869,0.729,63
87,Dark Lane Demo Tapes,14,1I55Ea0zVoSKs6MqW7DQ3i,War,spotify:track:1I55Ea0zVoSKs6MqW7DQ3i,0.292,0.749,0.792,0,0.109,-4.151,0.0826,144.064,0.239,66
88,Care Package,1,1qyFlfPREPbRcS2BNszdYI,Dreams Money Can Buy,spotify:track:1qyFlfPREPbRcS2BNszdYI,0.765,0.423,0.587,0,0.114,-6.635,0.529,180.331,0.33,59
89,Care Package,2,0Tacxc5lDJ8LwiO1pWNSl8,The Motion,spotify:track:0Tacxc5lDJ8LwiO1pWNSl8,0.371,0.631,0.788,0.000317,0.108,-7.142,0.102,157.769,0.544,65
90,Care Package,3,4n4BflhWjCHIxrI4v7Xt9s,How Bout Now,spotify:track:4n4BflhWjCHIxrI4v7Xt9s,0.205,0.789,0.404,0,0.219,-8.364,0.23,122.062,0.472,69
91,Care Package,4,4Wjhj0WjkyECccfHVIgaTq,Trust Issues,spotify:track:4Wjhj0WjkyECccfHVIgaTq,0.779,0.421,0.539,0,0.111,-5.456,0.274,89.177,0.523,83
92,Care Package,5,4czcw3NVLY0of5hTD7OufN,Days in The East,spotify:track:4czcw3NVLY0of5hTD7OufN,0.348,0.733,0.361,0.000285,0.0942,-11.129,0.135,94.902,0.0361,58
93,Care Package,6,3W3FVHEDetkiRkkGKDmdir,Draft Day,spotify:track:3W3FVHEDetkiRkkGKDmdir,0.0322,0.673,0.81,0,0.133,-3.793,0.36,166.084,0.564,55
94,Care Package,7,6C9SwoZ5OrxcvkntgA5t8s,4pm in Calabasas,spotify:track:6C9SwoZ5OrxcvkntgA5t8s,0.115,0.743,0.66,0,0.101,-4.802,0.418,192.031,0.549,60
95,Care Package,8,0FnxK9FEAQyPJ284QcieNb,5 Am in Toronto,spotify:track:0FnxK9FEAQyPJ284QcieNb,0.0678,0.555,0.88,0,0.0723,-4.325,0.265,87.195,0.391,62
96,Care Package,9,3sMC6vfTTSa0mMAPTwzDVD,I Get Lonely,spotify:track:3sMC6vfTTSa0mMAPTwzDVD,0.706,0.477,0.501,5.61E-06,0.0953,-9.178,0.0398,81.376,0.689,58
97,Care Package,10,4alHkxxwAhvoGg3dJCATKV,My Side,spotify:track:4alHkxxwAhvoGg3dJCATKV,0.603,0.549,0.495,7.26E-06,0.0979,-5.661,0.133,81.012,0.385,52
98,Care Package,11,2xUHiyGeGrWmmfv7NbDTWC,Jodeci Freestyle (feat. J. Cole),spotify:track:2xUHiyGeGrWmmfv7NbDTWC,0.0111,0.498,0.844,0,0.102,-2.834,0.268,88.435,0.282,56
99,Care Package,12,6MR5IBSNfDmiwnrlQpVw4w,Club Paradise,spotify:track:6MR5IBSNfDmiwnrlQpVw4w,0.758,0.338,0.729,3.24E-05,0.18,-6.419,0.102,184.174,0.543,61
100,Care Package,13,18t8ypY0HYaQuGBxg2KdT2,Free Spirit (feat. Rick Ross),spotify:track:18t8ypY0HYaQuGBxg2KdT2,0.281,0.508,0.748,0,0.168,-4.997,0.33,100.414,0.225,58
101,Care Package,14,27Tqjd2nMW2mIp6Yk1ovwY,Heat Of The Moment,spotify:track:27Tqjd2nMW2mIp6Yk1ovwY,0.179,0.641,0.454,0.000116,0.065,-8.344,0.133,78.036,0.302,50
102,Care Package,15,56NDFbD0tCUawnqeU2wcvv,Girls Love Beyoncé (feat. James Fauntleroy),spotify:track:56NDFbD0tCUawnqeU2wcvv,0.782,0.619,0.489,0,0.106,-11.25,0.46,126.046,0.328,63
103,Care Package,16,73IE87H0g2MBmdn41lkVto,Paris Morton Music,spotify:track:73IE87H0g2MBmdn41lkVto,0.414,0.505,0.494,7.98E-05,0.105,-8.635,0.315,171.978,0.141,61
104,Care Package,17,3e0ZGE7Gp034iLknjQk4QW,Can I,spotify:track:3e0ZGE7Gp034iLknjQk4QW,0.484,0.643,0.178,0.0108,0.122,-8.56,0.0588,85.042,0.0674,70
105,Scorpion,1,2yg9UN4eo5eMVJ7OB4RWj3,Survival,spotify:track:2yg9UN4eo5eMVJ7OB4RWj3,0.133,0.555,0.596,0,0.123,-9.09,0.375,77.324,0.145,63
106,Scorpion,2,0TlLq3lA83rQOYtrqBqSct,Nonstop,spotify:track:0TlLq3lA83rQOYtrqBqSct,0.0165,0.912,0.412,0.0126,0.104,-8.074,0.123,154.983,0.423,82
107,Scorpion,3,3szf2z1Cy1QMrtHrbn8rz9,Elevate,spotify:track:3szf2z1Cy1QMrtHrbn8rz9,0.0152,0.758,0.474,0,0.116,-8.72,0.147,76.061,0.0542,64
108,Scorpion,4,5Psnhdkyanjpgc2P8A5TSM,Emotionless,spotify:track:5Psnhdkyanjpgc2P8A5TSM,0.0248,0.414,0.677,0,0.0793,-5.12,0.254,172.521,0.0853,69
109,Scorpion,5,6DCZcSspjsKoFjzjrWoCdn,God's Plan,spotify:track:6DCZcSspjsKoFjzjrWoCdn,0.0332,0.754,0.449,8.29E-05,0.552,-9.211,0.109,77.169,0.357,87
110,Scorpion,6,3qN5qMTKyEEmiTZD38BNTT,I'm Upset,spotify:track:3qN5qMTKyEEmiTZD38BNTT,0.279,0.899,0.586,0,0.0836,-7.866,0.343,150.002,0.492,70
111,Scorpion,7,0zqy3ss4CwD6u4QPksS0nI,8 Out Of 10,spotify:track:0zqy3ss4CwD6u4QPksS0nI,0.161,0.527,0.689,0,0.498,-7.87,0.741,170.538,0.31,63
112,Scorpion,8,7rC5Pl8rQSX4myONQHYPBK,Mob Ties,spotify:track:7rC5Pl8rQSX4myONQHYPBK,0.045,0.754,0.575,0.00131,0.276,-8.393,0.0682,86.009,0.491,72
113,Scorpion,9,1dUHF4RyMmMTveJ0Rby6Xm,Can’t Take A Joke,spotify:track:1dUHF4RyMmMTveJ0Rby6Xm,0.126,0.761,0.598,0,0.0839,-7.249,0.182,173.897,0.446,70
114,Scorpion,10,6cblRiEGDRNZgowcm951R3,Sandra’s Rose,spotify:track:6cblRiEGDRNZgowcm951R3,0.0481,0.486,0.849,0,0.143,-5.432,0.246,152.086,0.519,66
115,Scorpion,11,4ksuI04WMvUnJbHQjgs3L5,Talk Up (feat. Jay-Z),spotify:track:4ksuI04WMvUnJbHQjgs3L5,0.00354,0.758,0.491,6.50E-06,0.292,-9.877,0.138,140.121,0.334,61
116,Scorpion,12,1Tnw0ItH1Macok8gblnPPd,Is There More,spotify:track:1Tnw0ItH1Macok8gblnPPd,0.727,0.708,0.547,0,0.159,-7.607,0.314,83.8,0.549,59
117,Scorpion,1,11L064movtyopGdLiX4sVg,Peak,spotify:track:11L064movtyopGdLiX4sVg,0.85,0.687,0.218,0.000125,0.106,-13.539,0.0388,91.991,0.269,62
118,Scorpion,2,4HG1YiGBseVKzjyKcmAJen,Summer Games,spotify:track:4HG1YiGBseVKzjyKcmAJen,0.477,0.776,0.482,0.0456,0.11,-11.269,0.0357,136.008,0.134,62
119,Scorpion,3,4c2xt1trwYZpMqPWY35Xi9,Jaded,spotify:track:4c2xt1trwYZpMqPWY35Xi9,0.037,0.764,0.271,0,0.175,-5.697,0.0414,116.019,0.0371,73
120,Scorpion,4,3CA9pLiwRIGtUBiMjbZmRw,Nice For What,spotify:track:3CA9pLiwRIGtUBiMjbZmRw,0.0891,0.585,0.909,9.70E-05,0.119,-6.474,0.0707,93.372,0.758,82
121,Scorpion,5,2WP8G2pdddDmnh1xbfKBOI,Finesse,spotify:track:2WP8G2pdddDmnh1xbfKBOI,0.133,0.807,0.319,0.000338,0.101,-8.152,0.0581,94.992,0.299,78
122,Scorpion,6,4SUwJA3eUVNHExxMPEUhQe,Ratchet Happy Birthday,spotify:track:4SUwJA3eUVNHExxMPEUhQe,0.11,0.657,0.571,0.00123,0.0735,-12.519,0.139,167.958,0.622,57
123,Scorpion,7,41a7dZcq30Ss5kPMayWRV0,That’s How You Feel,spotify:track:41a7dZcq30Ss5kPMayWRV0,0.117,0.85,0.473,0.0103,0.108,-5.747,0.209,85.454,0.38,67
124,Scorpion,8,4n1bdaKwynQndm47x5HqWX,Blue Tint,spotify:track:4n1bdaKwynQndm47x5HqWX,0.013,0.889,0.372,0,0.184,-10.254,0.357,133.997,0.123,65
125,Scorpion,9,2G7V7zsVDxg1yRsu7Ew9RJ,In My Feelings,spotify:track:2G7V7zsVDxg1yRsu7Ew9RJ,0.0589,0.835,0.626,6.00E-05,0.396,-5.833,0.125,91.03,0.35,78
126,Scorpion,10,6G8kHiVZ1jW7vHMPVRNZU0,Don’t Matter To Me (with Michael Jackson),spotify:track:6G8kHiVZ1jW7vHMPVRNZU0,0.493,0.822,0.318,0.0128,0.11,-12.391,0.0575,102.998,0.138,72
127,Scorpion,11,3mvYQKm8h6M5K5h0nVPY9S,After Dark (feat. Static Major & Ty Dolla $ign),spotify:track:3mvYQKm8h6M5K5h0nVPY9S,0.0407,0.687,0.429,0,0.142,-13.075,0.192,141.966,0.336,60
128,Scorpion,12,44Du2IM1bGY7dicmLfXbUs,Final Fantasy,spotify:track:44Du2IM1bGY7dicmLfXbUs,0.422,0.5,0.449,7.96E-06,0.115,-10.977,0.442,144.206,0.104,58
129,Scorpion,13,09lmraDvzBT3pUQ2rUtJzK,14-Mar,spotify:track:09lmraDvzBT3pUQ2rUtJzK,0.405,0.558,0.414,0,0.36,-7.355,0.358,127.094,0.318,56
130,More Life,1,05KOgYg8PGeJyyWBPi5ja8,Free Smoke,spotify:track:05KOgYg8PGeJyyWBPi5ja8,0.0681,0.736,0.491,0,0.571,-6.892,0.439,141.979,0.203,65
131,More Life,2,6CfrYuD3YRDYdYvH9jNtXY,No Long Talk,spotify:track:6CfrYuD3YRDYdYvH9jNtXY,0.0671,0.913,0.608,0,0.533,-6.839,0.234,97.063,0.578,60
132,More Life,3,5mCPDVBb16L4XQwDdbRUpz,Passionfruit,spotify:track:5mCPDVBb16L4XQwDdbRUpz,0.256,0.809,0.463,0.085,0.109,-11.377,0.0396,111.98,0.364,87
133,More Life,4,13e6f8t7RKXuxZ0JdaaJRG,Jorja Interlude,spotify:track:13e6f8t7RKXuxZ0JdaaJRG,0.762,0.735,0.373,0.00202,0.288,-10.478,0.104,123.081,0.237,69
134,More Life,5,7y6c07pgjZvtHI9kuMVqk1,Get It Together,spotify:track:7y6c07pgjZvtHI9kuMVqk1,0.0945,0.781,0.721,0.391,0.104,-9.133,0.0514,123.011,0.849,73
135,More Life,6,76gUmNLXGQVOsGhfcshkFP,Madiba Riddim,spotify:track:76gUmNLXGQVOsGhfcshkFP,0.245,0.839,0.521,0.00545,0.607,-10.45,0.166,105.992,0.33,65
136,More Life,7,2XlHu0HcujBCkWMdIAvrqt,Blem,spotify:track:2XlHu0HcujBCkWMdIAvrqt,0.0533,0.726,0.535,1.38E-05,0.0984,-7.804,0.0476,98.067,0.375,66
137,More Life,8,2fkeWbM6iqTw7oGHTYm2lw,4422,spotify:track:2fkeWbM6iqTw7oGHTYm2lw,0.558,0.609,0.229,0.0413,0.113,-12.36,0.0333,111.887,0.19,69
138,More Life,9,6UjfByV1lDLW0SOVQA4NAi,Gyalchester,spotify:track:6UjfByV1lDLW0SOVQA4NAi,0.0317,0.877,0.391,0.000502,0.0945,-8.196,0.063,131.018,0.122,71
139,More Life,10,2dfqS3MRtbLZSZA1IL8xY5,Skepta Interlude,spotify:track:2dfqS3MRtbLZSZA1IL8xY5,0.0103,0.745,0.822,4.20E-06,0.155,-6.354,0.252,86.733,0.415,59
140,More Life,11,2bjwRfXMk4uRgOD9IBYl9h,Portland,spotify:track:2bjwRfXMk4uRgOD9IBYl9h,0.0172,0.925,0.443,0,0.276,-8.216,0.264,136.078,0.35,74
141,More Life,12,0xl1w2q4VLojeXp4JfazPL,Sacrifices,spotify:track:0xl1w2q4VLojeXp4JfazPL,0.0407,0.903,0.439,0,0.138,-11.813,0.397,139.112,0.532,62
142,More Life,13,6MbH1QiphMCPTqVEVC7UYi,Nothings Into Somethings,spotify:track:6MbH1QiphMCPTqVEVC7UYi,0.332,0.766,0.234,0.00156,0.358,-7.544,0.159,96.882,0.256,65
143,More Life,14,6n3HGiq4v35D6eFOSwqYuo,Teenage Fever,spotify:track:6n3HGiq4v35D6eFOSwqYuo,0.111,0.766,0.283,0.0172,0.115,-10.33,0.0846,97.04,0.144,84
144,More Life,15,2jTujnt0y344ai1rNOywgr,KMT,spotify:track:2jTujnt0y344ai1rNOywgr,0.0189,0.875,0.6,0.0143,0.132,-6.818,0.0435,119.987,0.0906,66
145,More Life,16,2Na0z2gfN67Rzf0vp74Wi3,Lose You,spotify:track:2Na0z2gfN67Rzf0vp74Wi3,0.699,0.526,0.583,0,0.372,-9.172,0.376,89.837,0.378,65
146,More Life,17,5f5r2N4Lp9WoULWPH9zp2W,Can't Have Everything,spotify:track:5f5r2N4Lp9WoULWPH9zp2W,0.0136,0.856,0.572,1.55E-06,0.121,-8.429,0.373,82.445,0.454,61
147,More Life,18,28irpKCCK9nn9DZSik2zEx,Glow,spotify:track:28irpKCCK9nn9DZSik2zEx,0.2,0.688,0.384,0,0.708,-8.824,0.375,162.098,0.432,58
148,More Life,19,5JUu0unA8VwhTZ9LkMWUVI,Since Way Back,spotify:track:5JUu0unA8VwhTZ9LkMWUVI,0.348,0.468,0.266,9.55E-06,0.209,-11.121,0.13,153.294,0.222,62
149,More Life,20,343YBumqHu19cGoGARUTsd,Fake Love,spotify:track:343YBumqHu19cGoGARUTsd,0.105,0.928,0.481,0,0.176,-9.35,0.287,134.007,0.613,76
150,More Life,21,7bJ4mu7MHa3rHiNyKjOoSl,Ice Melts,spotify:track:7bJ4mu7MHa3rHiNyKjOoSl,0.08,0.813,0.551,0,0.386,-7.605,0.353,124.957,0.598,60
151,More Life,22,2KvHC9z14GSl4YpkNMX384,Do Not Disturb,spotify:track:2KvHC9z14GSl4YpkNMX384,0.246,0.618,0.693,0,0.112,-5.943,0.45,170.982,0.454,80
152,Views,1,7sBwAWyXfiIgrYQ8BaJESH,Keep The Family Close,spotify:track:7sBwAWyXfiIgrYQ8BaJESH,0.149,0.378,0.566,0,0.382,-7.685,0.0482,87.691,0.196,63
153,Views,2,1C7KSXR2GVxknex6I4ANco,9,spotify:track:1C7KSXR2GVxknex6I4ANco,0.000803,0.68,0.712,0.000612,0.237,-7.184,0.0453,100.009,0.0379,67
154,Views,3,03L2AoiRbWhvt7BDMx1jUB,U With Me?,spotify:track:03L2AoiRbWhvt7BDMx1jUB,0.338,0.429,0.43,1.18E-05,0.138,-11.373,0.165,174.983,0.125,64
155,Views,4,3cjF2OFRmip8spwZYQRKxP,Feel No Ways,spotify:track:3cjF2OFRmip8spwZYQRKxP,0.0312,0.582,0.677,6.60E-06,0.122,-7.081,0.172,193.818,0.205,79
156,Views,5,5NFYuqu8V6QXc6mzcLImd6,Hype,spotify:track:5NFYuqu8V6QXc6mzcLImd6,0.0253,0.787,0.635,0,0.357,-8.271,0.155,130.018,0.237,63
157,Views,6,4PA16FAl8LPmFmOhARawdV,Weston Road Flows,spotify:track:4PA16FAl8LPmFmOhARawdV,0.0635,0.623,0.74,0,0.366,-6.942,0.307,82.877,0.35,64
158,Views,7,4cRBqWBjuccCowYVHFlXK6,Redemption,spotify:track:4cRBqWBjuccCowYVHFlXK6,0.611,0.694,0.314,2.07E-06,0.117,-7.82,0.116,119.905,0.341,70
159,Views,8,3aJkV6DUTSCqOwVwaBDG9B,With You,spotify:track:3aJkV6DUTSCqOwVwaBDG9B,0.134,0.878,0.406,0.000234,0.112,-9.961,0.248,128.014,0.784,65
160,Views,9,2qLcJOLrh6Djda4uLbldSA,Faithful,spotify:track:2qLcJOLrh6Djda4uLbldSA,0.11,0.536,0.449,1.49E-05,0.284,-10.499,0.103,99.889,0.171,60
161,Views,10,433P7tDcIAi6NLnf4Sh6tI,Still Here,spotify:track:433P7tDcIAi6NLnf4Sh6tI,0.0258,0.834,0.433,0,0.633,-9.607,0.174,133.938,0.229,69
162,Views,11,3O8NlPh2LByMU9lSRSHedm,Controlla,spotify:track:3O8NlPh2LByMU9lSRSHedm,0.0789,0.59,0.468,0,0.101,-11.083,0.185,92.287,0.349,75
163,Views,12,1zi7xx7UVEFkmKfv06H8x0,One Dance,spotify:track:1zi7xx7UVEFkmKfv06H8x0,0.00776,0.792,0.625,0.0018,0.329,-5.609,0.0536,103.967,0.37,89
164,Views,13,5e574bhjycX1eH2l4Auage,Grammys,spotify:track:5e574bhjycX1eH2l4Auage,0.00163,0.676,0.432,3.84E-06,0.0799,-9.51,0.502,145.869,0.12,61
165,Views,14,3NxAG2ni1lLa8RKL6a0INc,Childs Play,spotify:track:3NxAG2ni1lLa8RKL6a0INc,0.0175,0.746,0.475,1.10E-05,0.197,-11.243,0.113,80.006,0.292,72
166,Views,15,5mPSyjLatqB00IkPqRlbTE,Pop Style,spotify:track:5mPSyjLatqB00IkPqRlbTE,0.192,0.713,0.462,2.16E-06,0.105,-10.027,0.123,133.053,0.0594,65
167,Views,16,3BtuIIrQlkujKPuWF2B85z,Too Good,spotify:track:3BtuIIrQlkujKPuWF2B85z,0.0489,0.794,0.653,4.88E-05,0.1,-7.839,0.104,117.996,0.397,78
168,Views,17,3ppVO2tyWRRznNmONvt7Se,Summers Over Interlude,spotify:track:3ppVO2tyWRRznNmONvt7Se,0.405,0.699,0.255,0.00242,0.0985,-8.647,0.0303,132.031,0.242,76
169,Views,18,4BhGTc3Cgay2U1QcTS7vQe,Fire & Desire,spotify:track:4BhGTc3Cgay2U1QcTS7vQe,0.0671,0.722,0.252,0,0.0852,-14.411,0.0761,79.923,0.275,73
170,Views,19,7MjSipTto9QljYzZnloXOn,Views,spotify:track:7MjSipTto9QljYzZnloXOn,0.0657,0.395,0.852,0,0.262,-5.896,0.37,76.428,0.112,62
171,Views,20,0wwPcA6wtMf6HUMpIRdeP7,Hotline Bling,spotify:track:0wwPcA6wtMf6HUMpIRdeP7,0.00258,0.891,0.628,0.00019,0.0504,-7.863,0.0551,134.966,0.552,81
172,What A Time To Be Alive,1,0GR7iJLhj80KD5LkA14ZRn,Digital Dash,spotify:track:0GR7iJLhj80KD5LkA14ZRn,0.00296,0.881,0.546,4.72E-06,0.226,-7.566,0.12,140.032,0.276,65
173,What A Time To Be Alive,2,7jslhIiELQkgW9IHeYNOWE,Big Rings,spotify:track:7jslhIiELQkgW9IHeYNOWE,0.00196,0.776,0.675,0,0.227,-6.224,0.266,131.984,0.27,62
174,What A Time To Be Alive,3,2uTG00P1DkhB97pdITkl2O,Live From The Gutter,spotify:track:2uTG00P1DkhB97pdITkl2O,0.0369,0.824,0.49,1.24E-06,0.0807,-8.391,0.429,165.948,0.307,61
175,What A Time To Be Alive,4,2AGottAzfC8bHzF7kEJ3Wa,Diamonds Dancing,spotify:track:2AGottAzfC8bHzF7kEJ3Wa,0.125,0.51,0.358,3.74E-05,0.111,-10.847,0.0467,136.036,0.171,63
176,What A Time To Be Alive,5,0B5OTb36fzLayn6XQHg5A1,Scholarships,spotify:track:0B5OTb36fzLayn6XQHg5A1,0.0966,0.739,0.416,1.27E-05,0.1,-9.319,0.285,109.168,0.259,64
177,What A Time To Be Alive,6,76kyKtPLsFbQkdQ86QrkF4,Plastic Bag,spotify:track:76kyKtPLsFbQkdQ86QrkF4,0.0104,0.845,0.479,1.79E-06,0.157,-6.065,0.298,170.919,0.35,60
178,What A Time To Be Alive,7,6bqtKURdSWkInAJHDkuaL0,I'm The Plug,spotify:track:6bqtKURdSWkInAJHDkuaL0,0.000379,0.828,0.55,0.0016,0.134,-9.158,0.255,160.016,0.254,59
179,What A Time To Be Alive,8,4gowy3WT6D1yhMLgRBlf9C,Change Locations,spotify:track:4gowy3WT6D1yhMLgRBlf9C,0.0207,0.787,0.329,2.95E-06,0.118,-9.991,0.391,137.85,0.209,60
180,What A Time To Be Alive,9,27GmP9AWRs744SzKcpJsTZ,Jumpman,spotify:track:27GmP9AWRs744SzKcpJsTZ,0.0559,0.852,0.553,0,0.332,-7.286,0.187,142.079,0.656,74
181,What A Time To Be Alive,10,2ACys0pX0SjmpQmQWzp7wt,Jersey,spotify:track:2ACys0pX0SjmpQmQWzp7wt,0.513,0.758,0.526,0.000457,0.0913,-10.81,0.255,146.054,0.312,65
182,What A Time To Be Alive,11,1DmnEYXa4WfbdhAPwNzgD8,30 for 30 Freestyle,spotify:track:1DmnEYXa4WfbdhAPwNzgD8,0.671,0.744,0.619,0,0.123,-9.143,0.398,89.252,0.317,58
183,If You're Reading This It's Too Late,1,1ID1QFSNNxi0hiZCNcwjUC,Legend,spotify:track:1ID1QFSNNxi0hiZCNcwjUC,0.0266,0.714,0.563,0,0.0776,-7.574,0.0723,100.091,0.31,69
184,If You're Reading This It's Too Late,2,79XrkTOfV1AqySNjVlygpW,Energy,spotify:track:79XrkTOfV1AqySNjVlygpW,0.38,0.747,0.571,0,0.534,-7.916,0.478,172.104,0.553,75
185,If You're Reading This It's Too Late,3,12d5QFwzh60IIHlsSnAvps,10 Bands,spotify:track:12d5QFwzh60IIHlsSnAvps,0.265,0.825,0.756,2.15E-06,0.0762,-3.687,0.383,172.938,0.888,68
186,If You're Reading This It's Too Late,4,5InOp6q2vvx0fShv3bzFLZ,Know Yourself,spotify:track:5InOp6q2vvx0fShv3bzFLZ,0.196,0.72,0.412,0,0.342,-8.687,0.223,114.408,0.179,71
187,If You're Reading This It's Too Late,5,2durxb17bXcmQJHSt8JAdO,No Tellin',spotify:track:2durxb17bXcmQJHSt8JAdO,0.543,0.823,0.467,1.06E-06,0.135,-10.394,0.301,95.026,0.618,64
188,If You're Reading This It's Too Late,6,4v7SAP4KD96BFLWiCd1vF0,Madonna,spotify:track:4v7SAP4KD96BFLWiCd1vF0,0.0149,0.905,0.492,3.77E-05,0.371,-8.598,0.0595,110.017,0.142,61
189,If You're Reading This It's Too Late,7,3a8tAZFJxlmBwOtrf5L1oC,6 God,spotify:track:3a8tAZFJxlmBwOtrf5L1oC,0.0249,0.868,0.623,0,0.125,-8.595,0.101,105.446,0.498,66
190,If You're Reading This It's Too Late,8,2mmUoyPxzbxehpfm1TpTRK,Star67,spotify:track:2mmUoyPxzbxehpfm1TpTRK,0.747,0.521,0.392,8.81E-06,0.198,-7.88,0.17,91.939,0.166,64
191,If You're Reading This It's Too Late,9,1OHoBC4icbuNhpSxP400sv,Preach,spotify:track:1OHoBC4icbuNhpSxP400sv,0.165,0.605,0.51,8.80E-05,0.104,-8.094,0.423,65.255,0.389,69
192,If You're Reading This It's Too Late,10,6oLHyWvmk6bKrA91EIYZBp,Wednesday Night Interlude,spotify:track:6oLHyWvmk6bKrA91EIYZBp,0.729,0.312,0.466,7.34E-06,0.215,-8.163,0.0509,135.44,0.195,62
193,If You're Reading This It's Too Late,11,63p3Slj0shAFP0Q7dQetj5,Used To,spotify:track:63p3Slj0shAFP0Q7dQetj5,0.0703,0.926,0.427,0.000337,0.0818,-7.584,0.105,96.025,0.304,61
194,If You're Reading This It's Too Late,12,4kdfjhj9xNkYU0R8xlDy8k,6 Man,spotify:track:4kdfjhj9xNkYU0R8xlDy8k,0.217,0.568,0.535,0,0.114,-9.306,0.513,83.589,0.326,63
195,If You're Reading This It's Too Late,13,4zLOwx1yRJXWkHKt1XzF1p,Now & Forever,spotify:track:4zLOwx1yRJXWkHKt1XzF1p,0.124,0.555,0.481,0,0.101,-7.419,0.0322,107.793,0.098,60
196,If You're Reading This It's Too Late,14,6ImxYXeLDQPIv4qo7bMhSk,Company,spotify:track:6ImxYXeLDQPIv4qo7bMhSk,0.0403,0.651,0.55,0,0.165,-8.215,0.0496,107.567,0.119,66
197,If You're Reading This It's Too Late,15,2YaDRtIlQiZ5WDDB2YuEOC,You & The 6,spotify:track:2YaDRtIlQiZ5WDDB2YuEOC,0.168,0.545,0.476,0,0.13,-7.444,0.284,154.362,0.223,62
198,If You're Reading This It's Too Late,16,7JXZq0JgG2zTrSOAgY8VMC,Jungle,spotify:track:7JXZq0JgG2zTrSOAgY8VMC,0.62,0.697,0.235,0.000144,0.107,-8.651,0.0534,99.947,0.378,78
199,If You're Reading This It's Too Late,17,5mZJwWdxAOR4xUvSGZvvMU,6PM In New York,spotify:track:5mZJwWdxAOR4xUvSGZvvMU,0.107,0.554,0.85,0,0.155,-4.155,0.251,128.429,0.383,62
213,Nothing Was The Same (Deluxe),14,3eN46sMTppXYMAyWi37wn1,Come Thru,spotify:track:3eN46sMTppXYMAyWi37wn1,0.159,0.558,0.468,0,0.586,-5.812,0.173,81.977,0.405,65
214,Nothing Was The Same (Deluxe),15,7y911sqgHGHcyU4ivapjwi,All Me,spotify:track:7y911sqgHGHcyU4ivapjwi,0.0705,0.67,0.515,0,0.25,-6.977,0.397,122.006,0.422,68
215,Nothing Was The Same,1,3rE5PBReux0vbrIqbWFLnt,Tuscan Leather,spotify:track:3rE5PBReux0vbrIqbWFLnt,0.114,0.522,0.679,0,0.231,-5.401,0.405,79.849,0.296,58
216,Nothing Was The Same,2,7EdJ8z6IBotTjO50DfzzuV,Furthest Thing,spotify:track:7EdJ8z6IBotTjO50DfzzuV,0.147,0.484,0.78,0,0.0572,-5.264,0.135,137.105,0.271,61
217,Nothing Was The Same,3,5DI9jxTHrEiFAhStG7VA8E,Started From the Bottom,spotify:track:5DI9jxTHrEiFAhStG7VA8E,0.0319,0.793,0.524,0,0.156,-7.827,0.156,86.325,0.579,70
218,Nothing Was The Same,4,5LAKjqbB5uurPpxFEicd9S,Wu-Tang Forever,spotify:track:5LAKjqbB5uurPpxFEicd9S,0.0474,0.836,0.427,0,0.101,-8.516,0.27,99.912,0.368,61
219,Nothing Was The Same,5,7pjJBo6DULg6YK66PA8v7r,Own It,spotify:track:7pjJBo6DULg6YK66PA8v7r,0.0481,0.653,0.341,3.51E-05,0.312,-11.305,0.102,103.061,0.292,56
220,Nothing Was The Same,6,48RN2EOOyG2Gs5Pyla7ZJj,Worst Behavior,spotify:track:48RN2EOOyG2Gs5Pyla7ZJj,0.158,0.78,0.799,0,0.209,-6.359,0.15,109.944,0.414,60
221,Nothing Was The Same,7,0GaBIpyHvytM1UBYmqXu08,From Time,spotify:track:0GaBIpyHvytM1UBYmqXu08,0.626,0.739,0.491,0,0.126,-9.726,0.413,94.391,0.448,72
222,Nothing Was The Same,8,2aSC2xhRxOLiiZZVjhbylH,"Hold On, We're Going Home",spotify:track:2aSC2xhRxOLiiZZVjhbylH,0.00421,0.777,0.414,2.73E-05,0.0724,-7.44,0.0946,100.002,0.287,76
223,Nothing Was The Same,9,4K3BhUMfBHZuUfeC3kbhrQ,Connect,spotify:track:4K3BhUMfBHZuUfeC3kbhrQ,0.406,0.683,0.49,0,0.132,-9.469,0.135,75.03,0.465,54
224,Nothing Was The Same,10,3IQgeOgdHIag6mu0mgKRgQ,The Language,spotify:track:3IQgeOgdHIag6mu0mgKRgQ,0.0125,0.831,0.651,0,0.0809,-8.363,0.437,120.065,0.502,58
225,Nothing Was The Same,11,5ThJAPtuOCTV8owZUop495,305 To My City,spotify:track:5ThJAPtuOCTV8owZUop495,0.056,0.419,0.495,0,0.144,-8.781,0.348,67.622,0.132,49
226,Nothing Was The Same,12,6UgxOrbHWJeqHvh0ost7Aa,Too Much,spotify:track:6UgxOrbHWJeqHvh0ost7Aa,0.173,0.681,0.569,0,0.18,-5.859,0.546,140.532,0.147,64
227,Nothing Was The Same,13,4NVNapccSX7E5JLiW0uQEy,Pound Cake / Paris Morton Music 2,spotify:track:4NVNapccSX7E5JLiW0uQEy,0.139,0.52,0.761,1.13E-05,0.114,-6.75,0.536,164.083,0.264,66
228,Take Care (Deluxe),1,2Gnsof1hvZzjE1xdLRpjtf,Over My Dead Body,spotify:track:2Gnsof1hvZzjE1xdLRpjtf,0.759,0.489,0.57,2.10E-06,0.179,-10.291,0.306,185.516,0.584,67
229,Take Care (Deluxe),2,6Z01gUquJsjJC67uNWm6P0,Shot For Me,spotify:track:6Z01gUquJsjJC67uNWm6P0,0.0555,0.566,0.465,0,0.567,-11.714,0.235,143.015,0.177,73
230,Take Care (Deluxe),3,6LxSe8YmdPxy095Ux6znaQ,Headlines,spotify:track:6LxSe8YmdPxy095Ux6znaQ,0.365,0.636,0.566,0.000353,0.0917,-7.16,0.106,151.894,0.425,81
231,Take Care (Deluxe),4,0V4l4GQhgnWQGtCWpvA7va,Crew Love,spotify:track:0V4l4GQhgnWQGtCWpvA7va,0.227,0.418,0.546,0,0.229,-9.057,0.238,160.152,0.294,75
232,Take Care (Deluxe),5,124NFj84ppZ5pAxTuVQYCQ,Take Care,spotify:track:124NFj84ppZ5pAxTuVQYCQ,0.0267,0.629,0.515,1.22E-05,0.0888,-10.358,0.265,121.845,0.299,79
233,Take Care (Deluxe),6,047fCsbO4NdmwCBn8pcUXl,Marvins Room,spotify:track:047fCsbO4NdmwCBn8pcUXl,0.646,0.492,0.26,0.00178,0.0705,-17.341,0.0921,111.519,0.312,79
234,Take Care (Deluxe),7,1ZyudLFv35SRvY5SvTZqJx,Buried Alive Interlude,spotify:track:1ZyudLFv35SRvY5SvTZqJx,0.412,0.711,0.543,0,0.505,-12.692,0.112,102.01,0.801,61
235,Take Care (Deluxe),8,1D9XLqQp2YYiOxrr5KLb8K,Under Ground Kings,spotify:track:1D9XLqQp2YYiOxrr5KLb8K,5.20E-05,0.487,0.712,0,0.198,-7.323,0.27,156.209,0.397,64
236,Take Care (Deluxe),9,7udsBKuqnJ5csWTAkR0vEI,We'll Be Fine,spotify:track:7udsBKuqnJ5csWTAkR0vEI,0.00171,0.386,0.488,0,0.64,-7.303,0.422,193.397,0.217,61
237,Take Care (Deluxe),10,7yfg0Eer6UZZt5tZ1XdsWz,Make Me Proud,spotify:track:7yfg0Eer6UZZt5tZ1XdsWz,0.00268,0.684,0.486,0.000148,0.157,-10.155,0.132,131.913,0.355,71
238,Take Care (Deluxe),11,1QBwk6GTCxVdC2hoSw9tlM,Lord Knows,spotify:track:1QBwk6GTCxVdC2hoSw9tlM,0.0786,0.417,0.887,0,0.834,-5.551,0.367,167.579,0.303,66
239,Take Care (Deluxe),12,2FbGlEPAjNhWvrVvlentVq,Cameras / Good Ones Go Interlude - Medley,spotify:track:2FbGlEPAjNhWvrVvlentVq,0.255,0.441,0.403,1.27E-05,0.13,-11.18,0.147,139.92,0.158,78
240,Take Care (Deluxe),13,4eSGSqP2TZvvX0kadZZttM,Doing It Wrong,spotify:track:4eSGSqP2TZvvX0kadZZttM,0.841,0.397,0.172,6.78E-05,0.108,-15.698,0.0445,101.275,0.123,73
241,Take Care (Deluxe),14,74atKkOasLOVzvqB6mYgga,The Real Her,spotify:track:74atKkOasLOVzvqB6mYgga,0.166,0.567,0.309,0,0.12,-14.254,0.385,65.041,0.509,64
242,Take Care (Deluxe),15,7t1lBIr3WIEtqQEOdZFMUf,Look What You've Done,spotify:track:7t1lBIr3WIEtqQEOdZFMUf,0.485,0.495,0.351,0,0.0967,-14.669,0.34,134.369,0.271,73
243,Take Care (Deluxe),16,0m1KYWlT6LhFRBDVq9UNx4,HYFR (Hell Ya Fucking Right),spotify:track:0m1KYWlT6LhFRBDVq9UNx4,0.123,0.444,0.627,0,0.0795,-8.744,0.252,98.21,0.359,73
244,Take Care (Deluxe),17,0jF2AdhsalO1L7KkhK4LE5,Practice,spotify:track:0jF2AdhsalO1L7KkhK4LE5,0.574,0.446,0.239,7.76E-05,0.12,-15.327,0.0876,104.675,0.31,73
245,Take Care (Deluxe),18,4xRxYWgAtL6pzRz94GlZlA,The Ride,spotify:track:4xRxYWgAtL6pzRz94GlZlA,0.517,0.556,0.702,0,0.343,-10.079,0.205,155.948,0.793,63
246,Take Care (Deluxe),19,4Kz4RdRCceaA9VgTqBhBfa,The Motto,spotify:track:4Kz4RdRCceaA9VgTqBhBfa,0.000107,0.766,0.442,6.12E-05,0.111,-8.558,0.356,201.8,0.39,78
247,Thank Me Later,1,73tgFzBug5Ifk1Retdtwk7,Fireworks,spotify:track:73tgFzBug5Ifk1Retdtwk7,0.433,0.55,0.758,0,0.162,-6.472,0.347,89.368,0.53,57
248,Thank Me Later,2,5bDEA48Dxyxoc3K4Dt7yRE,Karaoke,spotify:track:5bDEA48Dxyxoc3K4Dt7yRE,0.00879,0.758,0.654,0.0258,0.0797,-7.097,0.116,151.008,0.949,53
249,Thank Me Later,3,0llA0pYA6GpGk7fTjew0wO,The Resistance,spotify:track:0llA0pYA6GpGk7fTjew0wO,0.822,0.547,0.741,0,0.117,-8.127,0.163,82.589,0.637,64
250,Thank Me Later,4,6BdgtqiV3oXNqBikezwdvC,Over,spotify:track:6BdgtqiV3oXNqBikezwdvC,0.0107,0.35,0.845,0,0.123,-5.614,0.2,99.643,0.45,73
251,Thank Me Later,5,7v0hKO3RYhEXt2EPXf4AOS,Show Me A Good Time,spotify:track:7v0hKO3RYhEXt2EPXf4AOS,0.0386,0.667,0.734,0,0.108,-6.064,0.119,128.318,0.704,58
252,Thank Me Later,6,75L0qdzRnhwV62UXoNq3pE,Up All Night,spotify:track:75L0qdzRnhwV62UXoNq3pE,0.00782,0.606,0.811,1.49E-05,0.349,-4.667,0.278,156.347,0.276,68
253,Thank Me Later,7,3fpTMuD1u3gJlVI4FadVHs,Fancy,spotify:track:3fpTMuD1u3gJlVI4FadVHs,0.332,0.53,0.884,1.98E-06,0.355,-5.581,0.457,87.194,0.28,74
254,Thank Me Later,8,3d8PDk3B4am5c6TsUCznUW,Shut It Down,spotify:track:3d8PDk3B4am5c6TsUCznUW,0.411,0.59,0.434,0,0.0979,-9.298,0.069,119.905,0.399,59
255,Thank Me Later,9,5LZ0ZCRXrklIpnzn4Tcyde,Unforgettable,spotify:track:5LZ0ZCRXrklIpnzn4Tcyde,0.103,0.546,0.87,0,0.111,-5.107,0.114,156.145,0.071,58
256,Thank Me Later,10,0PWQqF5PvqRq0OPLSH0FKI,Light Up,spotify:track:0PWQqF5PvqRq0OPLSH0FKI,0.0936,0.472,0.908,0,0.15,-5.991,0.45,172.924,0.198,54
257,Thank Me Later,11,1U4mweNwisxNj23ffuC9gO,Miss Me,spotify:track:1U4mweNwisxNj23ffuC9gO,0.0813,0.426,0.862,0,0.34,-5.979,0.597,100.3,0.332,63
258,Thank Me Later,12,2G7QCDuRM7rTj0pX21e0xk,Cece's Interlude,spotify:track:2G7QCDuRM7rTj0pX21e0xk,0.0549,0.473,0.603,6.25E-06,0.115,-6.875,0.0319,94.984,0.234,49
259,Thank Me Later,13,4BycRneKmOs6MhYG9THsuX,Find Your Love,spotify:track:4BycRneKmOs6MhYG9THsuX,0.0211,0.627,0.614,0,0.0286,-6.006,0.17,96.038,0.758,70
260,Thank Me Later,14,3cBUv0RIoEyAm2b7qimEY6,Thank Me Now,spotify:track:3cBUv0RIoEyAm2b7qimEY6,0.282,0.495,0.772,0,0.119,-4.851,0.425,71.295,0.748,52
261,So Far Gone,1,1v24T2ug4TlssYZvI3aL4O,Lust For Life,spotify:track:1v24T2ug4TlssYZvI3aL4O,0.939,0.462,0.422,0.0327,0.108,-10.381,0.175,87.364,0.0853,55
262,So Far Gone,2,3XLSlQLJf3Ut0zvMUxnF1h,Houstatlantavegas,spotify:track:3XLSlQLJf3Ut0zvMUxnF1h,0.393,0.683,0.695,0.00124,0.124,-6.798,0.0574,135.337,0.406,61
263,So Far Gone,3,6NwhtCYkfwWlcR62Ac4E7y,Successful (feat. Trey Songz & Lil Wayne),spotify:track:6NwhtCYkfwWlcR62Ac4E7y,0.536,0.562,0.544,0,0.17,-5.065,0.369,159.517,0.231,61
264,So Far Gone,4,4FDSPGncHRpr6yB8DD4CtI,Let’s Call It Off (feat. Peter Bjorn and John),spotify:track:4FDSPGncHRpr6yB8DD4CtI,0.00427,0.79,0.731,0.29,0.157,-4.607,0.0327,127.403,0.938,54
265,So Far Gone,5,0JaVdpmiex2EP7bBzyKVTa,November 18th,spotify:track:0JaVdpmiex2EP7bBzyKVTa,0.579,0.749,0.476,0,0.1,-11.147,0.507,71.937,0.534,64
266,So Far Gone,6,2hcohLIysMxofYziluXCoX,Ignant Shit (feat. Lil Wayne),spotify:track:2hcohLIysMxofYziluXCoX,0.186,0.591,0.846,0,0.463,-3.687,0.276,94.795,0.121,58
267,So Far Gone,7,3lkkkYc1wBj5l3FVlpqvP6,A Night Off (feat. Lloyd),spotify:track:3lkkkYc1wBj5l3FVlpqvP6,0.374,0.611,0.508,3.87E-06,0.168,-5.573,0.0741,103.612,0.368,54
268,So Far Gone,8,7mPoCVGP752A5DtHf1SKkM,Say What's Real,spotify:track:7mPoCVGP752A5DtHf1SKkM,0.632,0.462,0.773,0,0.212,-5.375,0.288,86.157,0.455,53
269,So Far Gone,9,524wvipGqxPKYWxkjf9y46,Little Bit (feat. Lykke Li),spotify:track:524wvipGqxPKYWxkjf9y46,0.0999,0.758,0.888,0.0336,0.661,-4.899,0.0374,120.392,0.771,74
270,So Far Gone,10,3QLjDkgLh9AOEHlhQtDuhs,Best I Ever Had,spotify:track:3QLjDkgLh9AOEHlhQtDuhs,0.19,0.395,0.922,0,0.134,-2.176,0.375,162.361,0.558,81
271,So Far Gone,11,2TWSilrWcTrgVKcP8kfEfg,Unstoppable (feat. Santigold & Lil Wayne),spotify:track:2TWSilrWcTrgVKcP8kfEfg,0.165,0.774,0.912,0,0.745,-2.787,0.347,150.083,0.821,50
272,So Far Gone,12,0q7LGcVSpsIoSbjChtZ8lI,Uptown (feat. Bun B & Lil Wayne),spotify:track:0q7LGcVSpsIoSbjChtZ8lI,0.00391,0.416,0.824,0,0.104,-3.075,0.343,85.433,0.417,61
273,So Far Gone,13,43iKgGbmfqPLh3mxUlospI,Sooner Than Later,spotify:track:43iKgGbmfqPLh3mxUlospI,0.178,0.616,0.501,1.20E-05,0.105,-5.722,0.24,94.554,0.506,56
274,So Far Gone,14,4i3GraNMzBKze1WsVl38DS,Bria's Interlude (feat. Omarion),spotify:track:4i3GraNMzBKze1WsVl38DS,0.209,0.49,0.507,0.00104,0.119,-6.205,0.0849,147.037,0.237,67
275,So Far Gone,15,6MlGqWzDiLkZ0vmAEsisEk,The Calm,spotify:track:6MlGqWzDiLkZ0vmAEsisEk,0.819,0.471,0.784,1.13E-05,0.107,-8.25,0.883,160.833,0.258,51
276,So Far Gone,16,6hHKFReuQR9VQp39ev43wY,Outro (feat. Chilly Gonzales),spotify:track:6hHKFReuQR9VQp39ev43wY,0.988,0.397,0.0906,0.856,0.344,-21.655,0.054,185.167,0.136,46
277,So Far Gone,17,4XTXamS1g4g93jPxyuFJJ6,Brand New,spotify:track:4XTXamS1g4g93jPxyuFJJ6,0.631,0.399,0.491,0,0.171,-8.992,0.0714,94.542,0.356,57
278,So Far Gone,18,3SnXwQUrvSacFziUYXTNKY,Congratulations,spotify:track:3SnXwQUrvSacFziUYXTNKY,0.0185,0.333,0.859,0,0.22,-2.286,0.148,86.882,0.125,51
